truth_table,minimum_gates,minimum_formula_count,all_formula_count_at_minimum,minimum_probability,boundary_surprisal_bits,canonical_baseline_nand_gates,compression_gain,triad_score,witness
0,5,36,30618,0.0011757789535567313,9.732167425663386,5,0,0.0,"NAND(NAND(x0, NAND(x0, x0)), NAND(x0, NAND(x0, x0)))"
1,10,1440,2975361012,4.839748837846235e-07,20.97856448443806,19,9,188.80708035994255,"NAND(NAND(x0, NAND(x0, x0)), NAND(NAND(x0, x0), NAND(NAND(x0, x0), NAND(NAND(x1, x1), NAND(x2, x2)))))"
2,8,864,28146690,3.069632699262329e-05,14.991574435992689,17,9,134.9241699239342,"NAND(NAND(x0, NAND(x0, x0)), NAND(x0, NAND(x0, NAND(NAND(x0, x1), NAND(x0, x2)))))"
3,6,24,288684,8.31358856050214e-05,13.55416912368539,75,69,935.237669534292,"NAND(NAND(x0, NAND(x0, x0)), NAND(NAND(x1, x1), NAND(x2, x2)))"
4,8,864,28146690,3.069632699262329e-05,14.991574435992689,15,7,104.94102105194882,"NAND(NAND(x0, NAND(x0, x0)), NAND(x1, NAND(x1, NAND(NAND(x0, x0), NAND(x1, x2)))))"
5,6,24,288684,8.31358856050214e-05,13.55416912368539,71,65,881.0209930395504,"NAND(NAND(x0, NAND(x0, x0)), NAND(NAND(x0, x0), NAND(x2, x2)))"
6,10,5184,2975361012,1.7423095816246448e-06,19.13056757788311,67,57,1090.4423519393372,"NAND(NAND(x0, NAND(x0, x0)), NAND(NAND(x0, x1), NAND(NAND(x0, NAND(x0, x2)), NAND(x1, NAND(x1, x2)))))"
7,6,48,288684,0.0001662717712100428,12.55416912368539,175,169,2121.654581902831,"NAND(NAND(x0, NAND(x0, x0)), NAND(NAND(x0, x1), NAND(x2, x2)))"
8,7,960,2814669,0.00034107029991803654,11.517643247660276,13,6,69.10585948596166,"NAND(NAND(x0, NAND(x0, x0)), NAND(x0, NAND(x0, NAND(x1, NAND(x0, x2)))))"
9,10,192,2975361012,6.452998450461648e-08,23.88545508004658,67,57,1361.470939562655,"NAND(NAND(x0, NAND(x0, x0)), NAND(NAND(x2, x2), NAND(NAND(x0, x1), NAND(NAND(x0, x0), NAND(x1, x1)))))"
10,5,108,30618,0.003527336860670194,8.147204924942228,63,58,472.5378856466492,"NAND(NAND(x0, NAND(x0, x0)), NAND(x0, NAND(x0, x2)))"
11,6,24,288684,8.31358856050214e-05,13.55416912368539,167,161,2182.221228913348,"NAND(NAND(x0, NAND(x0, x2)), NAND(NAND(x1, x1), NAND(x2, x2)))"
12,5,108,30618,0.003527336860670194,8.147204924942228,59,54,439.9490659468803,"NAND(NAND(x0, NAND(x0, x0)), NAND(x1, NAND(x1, x2)))"
13,6,24,288684,8.31358856050214e-05,13.55416912368539,159,153,2073.7878759238647,"NAND(NAND(x1, NAND(x1, x2)), NAND(NAND(x0, x0), NAND(x2, x2)))"
14,5,72,30618,0.0023515579071134627,8.732167425663386,155,150,1309.825113849508,"NAND(NAND(x0, NAND(x0, x2)), NAND(x1, NAND(x1, x2)))"
15,1,1,9,0.1111111111111111,3.1699250014423126,271,270,855.8797503894244,"NAND(x2, x2)"
16,8,864,28146690,3.069632699262329e-05,14.991574435992689,15,7,104.94102105194882,"NAND(NAND(x0, NAND(x0, x0)), NAND(x2, NAND(x2, NAND(NAND(x0, x0), NAND(x1, x1)))))"
17,6,24,288684,8.31358856050214e-05,13.55416912368539,71,65,881.0209930395504,"NAND(NAND(x0, NAND(x0, x0)), NAND(NAND(x0, x0), NAND(x1, x1)))"
18,10,5184,2975361012,1.7423095816246448e-06,19.13056757788311,67,57,1090.4423519393372,"NAND(NAND(x0, NAND(x0, x0)), NAND(NAND(x0, x2), NAND(NAND(x0, NAND(x0, x1)), NAND(x2, NAND(x1, x1)))))"
19,6,48,288684,0.0001662717712100428,12.55416912368539,175,169,2121.654581902831,"NAND(NAND(x0, NAND(x0, x0)), NAND(NAND(x0, x2), NAND(x1, x1)))"
20,10,5184,2975361012,1.7423095816246448e-06,19.13056757788311,63,53,1013.9200816278048,"NAND(NAND(x0, NAND(x0, x0)), NAND(NAND(x0, x0), NAND(NAND(x1, NAND(x1, x2)), NAND(x2, NAND(x1, x1)))))"
21,6,48,288684,0.0001662717712100428,12.55416912368539,167,161,2021.2212289133479,"NAND(NAND(x0, NAND(x0, x0)), NAND(NAND(x0, x0), NAND(x1, x2)))"
22,13,186624,3553267670100,5.252179608375741e-08,24.182508506294912,163,150,3627.376275944237,"NAND(NAND(x0, NAND(x0, NAND(NAND(x0, x1), NAND(x0, x2)))), NAND(NAND(x0, x0), NAND(NAND(x1, NAND(x1, x2)), NAND(x2, NAND(x1, x1)))))"
23,7,144,2814669,5.116054498770548e-05,14.254608841826483,279,272,3877.2536049768037,"NAND(NAND(NAND(x0, x0), NAND(x1, x1)), NAND(NAND(x0, x1), NAND(x2, x2)))"
24,9,2304,287096238,8.025183527483213e-06,16.92703418379798,59,50,846.3517091898989,"NAND(NAND(x0, NAND(x0, x0)), NAND(NAND(x0, x2), NAND(NAND(x0, x1), NAND(x2, NAND(x1, x1)))))"
25,8,320,28146690,1.1369009997267885e-05,16.424533843268794,159,151,2480.104610333588,"NAND(NAND(NAND(x0, x0), NAND(x1, x1)), NAND(x0, NAND(x0, NAND(x1, NAND(x0, x2)))))"
26,8,864,28146690,3.069632699262329e-05,14.991574435992689,155,147,2203.7614420909254,"NAND(NAND(x0, NAND(x0, x2)), NAND(x2, NAND(x2, NAND(NAND(x0, x0), NAND(x1, x1)))))"
27,6,72,288684,0.00024940765681506424,11.969206622964235,271,265,3171.839755085522,"NAND(NAND(x0, NAND(x0, x2)), NAND(NAND(x0, x0), NAND(x1, x1)))"
28,8,864,28146690,3.069632699262329e-05,14.991574435992689,151,143,2143.7951443469547,"NAND(NAND(x1, NAND(x1, x2)), NAND(x2, NAND(x2, NAND(NAND(x0, x0), NAND(x1, x1)))))"
29,6,72,288684,0.00024940765681506424,11.969206622964235,263,257,3076.086102101808,"NAND(NAND(x1, NAND(x1, x2)), NAND(NAND(x0, x0), NAND(x1, x1)))"
30,9,1152,287096238,4.012591763741606e-06,17.92703418379798,255,246,4410.050409214303,"NAND(NAND(x0, NAND(x0, x2)), NAND(NAND(x1, x2), NAND(NAND(x1, x1), NAND(x2, NAND(x0, x0)))))"
31,4,36,3402,0.010582010582010581,6.562242424221073,231,227,1489.6290302981836,"NAND(x2, NAND(NAND(x0, x0), NAND(x1, x1)))"
32,7,960,2814669,0.00034107029991803654,11.517643247660276,13,6,69.10585948596166,"NAND(NAND(x0, NAND(x0, x0)), NAND(x0, NAND(x0, NAND(x2, NAND(x0, x1)))))"
33,10,192,2975361012,6.452998450461648e-08,23.88545508004658,67,57,1361.470939562655,"NAND(NAND(x0, NAND(x0, x0)), NAND(NAND(x1, x1), NAND(NAND(x0, x2), NAND(NAND(x0, x0), NAND(x2, x2)))))"
34,5,108,30618,0.003527336860670194,8.147204924942228,63,58,472.5378856466492,"NAND(NAND(x0, NAND(x0, x0)), NAND(x0, NAND(x0, x1)))"
35,6,24,288684,8.31358856050214e-05,13.55416912368539,167,161,2182.221228913348,"NAND(NAND(x0, NAND(x0, x1)), NAND(NAND(x1, x1), NAND(x2, x2)))"
36,9,2304,287096238,8.025183527483213e-06,16.92703418379798,59,50,846.3517091898989,"NAND(NAND(x0, NAND(x0, x0)), NAND(NAND(x0, x1), NAND(NAND(x0, x2), NAND(x1, NAND(x1, x2)))))"
37,8,320,28146690,1.1369009997267885e-05,16.424533843268794,159,151,2480.104610333588,"NAND(NAND(NAND(x0, x0), NAND(x2, x2)), NAND(x0, NAND(x0, NAND(x2, NAND(x0, x1)))))"
38,8,864,28146690,3.069632699262329e-05,14.991574435992689,155,147,2203.7614420909254,"NAND(NAND(x0, NAND(x0, x1)), NAND(x1, NAND(x1, NAND(NAND(x0, x0), NAND(x1, x2)))))"
39,6,72,288684,0.00024940765681506424,11.969206622964235,271,265,3171.839755085522,"NAND(NAND(x0, NAND(x0, x1)), NAND(NAND(x0, x0), NAND(x2, x2)))"
40,8,384,28146690,1.3642811996721461e-05,16.161499437435,55,47,759.5904735594451,"NAND(NAND(x0, NAND(x0, x0)), NAND(NAND(x1, x2), NAND(NAND(x0, x1), NAND(x0, x2))))"
41,12,5120,331638315876,1.543850560957008e-08,25.94889164729621,151,139,3606.8959389741735,"NAND(NAND(x0, NAND(x0, NAND(x1, NAND(x0, x2)))), NAND(NAND(x1, x1), NAND(NAND(x0, x2), NAND(NAND(x0, x0), NAND(x2, x2)))))"
42,5,232,30618,0.00757724214514338,7.044111431978125,147,142,1000.2638233408937,"NAND(NAND(x0, NAND(x0, x0)), NAND(x0, NAND(x1, x2)))"
43,6,16,288684,5.542392373668094e-05,14.139131624406547,263,257,3633.7568274724827,"NAND(NAND(x0, NAND(x1, x2)), NAND(NAND(x1, x1), NAND(x2, x2)))"
44,7,960,2814669,0.00034107029991803654,11.517643247660276,143,136,1566.3994816817976,"NAND(NAND(x1, NAND(x1, x2)), NAND(x0, NAND(x0, NAND(x2, NAND(x0, x1)))))"
45,9,7872,287096238,2.741937705223431e-05,15.15444467990105,255,246,3727.9933912556585,"NAND(NAND(x1, NAND(x1, x2)), NAND(NAND(x0, NAND(x0, x2)), NAND(x2, NAND(x0, NAND(x0, x1)))))"
46,5,120,30618,0.003919263178522437,7.995201831497179,247,242,1934.8388432223173,"NAND(NAND(x0, NAND(x0, x1)), NAND(x1, NAND(x1, x2)))"
47,3,20,405,0.04938271604938271,4.339850002884625,239,236,1024.2046006807716,"NAND(x2, NAND(x0, NAND(x0, x1)))"
48,5,108,30618,0.003527336860670194,8.147204924942228,59,54,439.9490659468803,"NAND(NAND(x0, NAND(x0, x0)), NAND(x2, NAND(x1, x1)))"
49,6,24,288684,8.31358856050214e-05,13.55416912368539,159,153,2073.7878759238647,"NAND(NAND(x2, NAND(x1, x1)), NAND(NAND(x0, x0), NAND(x1, x1)))"
50,5,72,30618,0.0023515579071134627,8.732167425663386,155,150,1309.825113849508,"NAND(NAND(x0, NAND(x0, x1)), NAND(x2, NAND(x1, x1)))"
51,1,1,9,0.1111111111111111,3.1699250014423126,271,270,855.8797503894244,"NAND(x1, x1)"
52,8,864,28146690,3.069632699262329e-05,14.991574435992689,151,143,2143.7951443469547,"NAND(NAND(x2, NAND(x1, x1)), NAND(x1, NAND(x1, NAND(NAND(x0, x0), NAND(x1, x2)))))"
53,6,72,288684,0.00024940765681506424,11.969206622964235,263,257,3076.086102101808,"NAND(NAND(x2, NAND(x1, x1)), NAND(NAND(x0, x0), NAND(x1, x2)))"
54,9,1152,287096238,4.012591763741606e-06,17.92703418379798,255,246,4410.050409214303,"NAND(NAND(x0, NAND(x0, x1)), NAND(NAND(x1, x2), NAND(NAND(x2, x2), NAND(x1, NAND(x0, x0)))))"
55,4,36,3402,0.010582010582010581,6.562242424221073,231,227,1489.6290302981836,"NAND(x1, NAND(NAND(x0, x0), NAND(x1, x2)))"
56,7,960,2814669,0.00034107029991803654,11.517643247660276,147,140,1612.4700546724387,"NAND(NAND(x2, NAND(x1, x1)), NAND(x0, NAND(x0, NAND(x1, NAND(x0, x2)))))"
57,9,7872,287096238,2.741937705223431e-05,15.15444467990105,255,246,3727.9933912556585,"NAND(NAND(x2, NAND(x1, x1)), NAND(NAND(x0, NAND(x0, x1)), NAND(x1, NAND(x0, NAND(x0, x2)))))"
58,5,120,30618,0.003919263178522437,7.995201831497179,247,242,1934.8388432223173,"NAND(NAND(x0, NAND(x0, x2)), NAND(x2, NAND(x1, x1)))"
59,3,20,405,0.04938271604938271,4.339850002884625,239,236,1024.2046006807716,"NAND(x1, NAND(x0, NAND(x0, x2)))"
60,5,72,30618,0.0023515579071134627,8.732167425663386,239,234,2043.3271776052322,"NAND(NAND(x1, NAND(x1, x2)), NAND(x2, NAND(x1, x1)))"
61,7,864,2814669,0.0003069632699262329,11.669646341105327,247,240,2800.7151218652784,"NAND(NAND(x1, NAND(x1, x2)), NAND(NAND(x1, x1), NAND(x0, NAND(x0, x2))))"
62,8,544,28146690,1.9327316995355404e-05,15.658999096905818,255,247,3867.772776935737,"NAND(NAND(x0, NAND(x0, x1)), NAND(NAND(x1, x2), NAND(NAND(x1, x1), NAND(x2, x2))))"
63,1,2,9,0.2222222222222222,2.1699250014423126,87,86,186.61355012403888,"NAND(x1, x2)"
64,7,960,2814669,0.00034107029991803654,11.517643247660276,11,4,46.070572990641104,"NAND(NAND(x0, NAND(x0, x0)), NAND(x1, NAND(x1, NAND(x2, NAND(x0, x0)))))"
65,10,192,2975361012,6.452998450461648e-08,23.88545508004658,63,53,1265.9291192424687,"NAND(NAND(x0, NAND(x0, x0)), NAND(NAND(x0, x0), NAND(NAND(x1, x2), NAND(NAND(x1, x1), NAND(x2, x2)))))"
66,9,2304,287096238,8.025183527483213e-06,16.92703418379798,59,50,846.3517091898989,"NAND(NAND(x0, NAND(x0, x0)), NAND(NAND(x0, x1), NAND(NAND(x1, x2), NAND(x0, NAND(x0, x2)))))"
67,8,320,28146690,1.1369009997267885e-05,16.424533843268794,159,151,2480.104610333588,"NAND(NAND(NAND(x1, x1), NAND(x2, x2)), NAND(x1, NAND(x1, NAND(x2, NAND(x0, x0)))))"
68,5,108,30618,0.003527336860670194,8.147204924942228,55,50,407.3602462471114,"NAND(NAND(x0, NAND(x0, x0)), NAND(x1, NAND(x0, x0)))"
69,6,24,288684,8.31358856050214e-05,13.55416912368539,151,145,1965.3545229343817,"NAND(NAND(x1, NAND(x0, x0)), NAND(NAND(x0, x0), NAND(x2, x2)))"
70,8,864,28146690,3.069632699262329e-05,14.991574435992689,147,139,2083.828846602984,"NAND(NAND(x1, NAND(x0, x0)), NAND(x0, NAND(x0, NAND(NAND(x0, x1), NAND(x0, x2)))))"
71,6,72,288684,0.00024940765681506424,11.969206622964235,263,257,3076.086102101808,"NAND(NAND(x1, NAND(x0, x0)), NAND(NAND(x0, x1), NAND(x2, x2)))"
72,8,384,28146690,1.3642811996721461e-05,16.161499437435,51,43,694.9444758097051,"NAND(NAND(x0, NAND(x0, x0)), NAND(NAND(x0, x2), NAND(NAND(x0, x1), NAND(x1, x2))))"
73,12,5120,331638315876,1.543850560957008e-08,25.94889164729621,143,131,3399.3048057958035,"NAND(NAND(x0, NAND(x0, NAND(x1, NAND(x0, x2)))), NAND(NAND(x0, x0), NAND(NAND(x1, x2), NAND(NAND(x1, x1), NAND(x2, x2)))))"
74,7,960,2814669,0.00034107029991803654,11.517643247660276,139,132,1520.3289086911564,"NAND(NAND(x0, NAND(x0, x2)), NAND(x1, NAND(x1, NAND(x2, NAND(x0, x0)))))"
75,9,7872,287096238,2.741937705223431e-05,15.15444467990105,255,246,3727.9933912556585,"NAND(NAND(x0, NAND(x0, x2)), NAND(NAND(x1, NAND(x1, x2)), NAND(x2, NAND(x1, NAND(x0, x0)))))"
76,5,232,30618,0.00757724214514338,7.044111431978125,135,130,915.7344861571563,"NAND(NAND(x0, NAND(x0, x0)), NAND(x1, NAND(x0, x2)))"
77,6,16,288684,5.542392373668094e-05,14.139131624406547,247,241,3407.5307214819777,"NAND(NAND(x1, NAND(x0, x2)), NAND(NAND(x0, x0), NAND(x2, x2)))"
78,5,120,30618,0.003919263178522437,7.995201831497179,239,234,1870.8772285703399,"NAND(NAND(x0, NAND(x0, x2)), NAND(x1, NAND(x0, x0)))"
79,3,20,405,0.04938271604938271,4.339850002884625,255,252,1093.6422007269255,"NAND(x2, NAND(x1, NAND(x0, x0)))"
80,5,108,30618,0.003527336860670194,8.147204924942228,55,50,407.3602462471114,"NAND(NAND(x0, NAND(x0, x0)), NAND(x2, NAND(x0, x0)))"
81,6,24,288684,8.31358856050214e-05,13.55416912368539,151,145,1965.3545229343817,"NAND(NAND(x2, NAND(x0, x0)), NAND(NAND(x0, x0), NAND(x1, x1)))"
82,8,864,28146690,3.069632699262329e-05,14.991574435992689,147,139,2083.828846602984,"NAND(NAND(x2, NAND(x0, x0)), NAND(x0, NAND(x0, NAND(NAND(x0, x1), NAND(x0, x2)))))"
83,6,72,288684,0.00024940765681506424,11.969206622964235,263,257,3076.086102101808,"NAND(NAND(x2, NAND(x0, x0)), NAND(NAND(x0, x2), NAND(x1, x1)))"
84,5,72,30618,0.0023515579071134627,8.732167425663386,143,138,1205.0391047415474,"NAND(NAND(x1, NAND(x0, x0)), NAND(x2, NAND(x0, x0)))"
85,1,1,9,0.1111111111111111,3.1699250014423126,255,254,805.1609503663474,"NAND(x0, x0)"
86,9,1152,287096238,4.012591763741606e-06,17.92703418379798,247,238,4266.634135743919,"NAND(NAND(x1, NAND(x0, x0)), NAND(NAND(x0, x2), NAND(NAND(x2, x2), NAND(x0, NAND(x0, x1)))))"
87,4,36,3402,0.010582010582010581,6.562242424221073,247,243,1594.6249090857207,"NAND(x0, NAND(NAND(x0, x1), NAND(x0, x2)))"
88,7,960,2814669,0.00034107029991803654,11.517643247660276,139,132,1520.3289086911564,"NAND(NAND(x2, NAND(x0, x0)), NAND(x0, NAND(x0, NAND(x1, NAND(x0, x2)))))"
89,9,7872,287096238,2.741937705223431e-05,15.15444467990105,247,238,3606.75783381645,"NAND(NAND(x2, NAND(x0, x0)), NAND(NAND(x0, NAND(x0, x1)), NAND(x1, NAND(x0, NAND(x0, x2)))))"
90,5,72,30618,0.0023515579071134627,8.732167425663386,239,234,2043.3271776052322,"NAND(NAND(x0, NAND(x0, x2)), NAND(x2, NAND(x0, x0)))"
91,7,864,2814669,0.0003069632699262329,11.669646341105327,255,248,2894.0722925941213,"NAND(NAND(x0, NAND(x0, x2)), NAND(NAND(x0, x0), NAND(x1, NAND(x1, x2))))"
92,5,120,30618,0.003919263178522437,7.995201831497179,231,226,1806.9156139183626,"NAND(NAND(x1, NAND(x0, x2)), NAND(x2, NAND(x0, x0)))"
93,3,20,405,0.04938271604938271,4.339850002884625,263,260,1128.3610007500026,"NAND(x0, NAND(x1, NAND(x0, x2)))"
94,8,544,28146690,1.9327316995355404e-05,15.658999096905818,271,263,4118.31676248623,"NAND(NAND(x0, NAND(x0, x2)), NAND(NAND(x0, x0), NAND(NAND(x1, x1), NAND(x2, x2))))"
95,1,2,9,0.2222222222222222,2.1699250014423126,95,94,203.97295013557738,"NAND(x0, x2)"
96,8,384,28146690,1.3642811996721461e-05,16.161499437435,51,43,694.9444758097051,"NAND(NAND(x0, NAND(x0, x0)), NAND(NAND(x0, x1), NAND(NAND(x0, x2), NAND(x1, x2))))"
97,12,5120,331638315876,1.543850560957008e-08,25.94889164729621,143,131,3399.3048057958035,"NAND(NAND(x0, NAND(x0, NAND(x2, NAND(x0, x1)))), NAND(NAND(x0, x0), NAND(NAND(x1, x2), NAND(NAND(x1, x1), NAND(x2, x2)))))"
98,7,960,2814669,0.00034107029991803654,11.517643247660276,139,132,1520.3289086911564,"NAND(NAND(x0, NAND(x0, x1)), NAND(x1, NAND(x1, NAND(x2, NAND(x0, x0)))))"
99,9,7872,287096238,2.741937705223431e-05,15.15444467990105,255,246,3727.9933912556585,"NAND(NAND(x0, NAND(x0, x1)), NAND(NAND(x1, NAND(x1, x2)), NAND(x2, NAND(x1, NAND(x0, x0)))))"
100,7,960,2814669,0.00034107029991803654,11.517643247660276,135,128,1474.2583357005153,"NAND(NAND(x1, NAND(x0, x0)), NAND(x0, NAND(x0, NAND(x2, NAND(x0, x1)))))"
101,9,7872,287096238,2.741937705223431e-05,15.15444467990105,247,238,3606.75783381645,"NAND(NAND(x1, NAND(x0, x0)), NAND(NAND(x0, NAND(x0, x2)), NAND(x2, NAND(x0, NAND(x0, x1)))))"
102,5,72,30618,0.0023515579071134627,8.732167425663386,239,234,2043.3271776052322,"NAND(NAND(x0, NAND(x0, x1)), NAND(x1, NAND(x0, x0)))"
103,7,864,2814669,0.0003069632699262329,11.669646341105327,263,256,2987.429463322964,"NAND(NAND(x0, NAND(x0, x1)), NAND(NAND(x0, x0), NAND(x2, NAND(x1, x1))))"
104,10,15360,2975361012,5.162398760369318e-06,17.563526985159218,131,121,2125.186765204265,"NAND(NAND(x0, NAND(x0, NAND(x1, NAND(x0, x2)))), NAND(NAND(x0, x1), NAND(NAND(x0, x2), NAND(x1, x2))))"
105,13,3072,3553267670100,8.645563141359244e-10,30.107321009900694,239,226,6804.254548237557,"NAND(NAND(NAND(x0, x1), NAND(NAND(x0, x2), NAND(x1, x2))), NAND(NAND(x2, x2), NAND(NAND(x0, x1), NAND(NAND(x0, x0), NAND(x1, x1)))))"
106,7,640,2814669,0.0002273801999453577,12.102605748381432,231,224,2710.9836876374407,"NAND(NAND(x0, NAND(x1, x2)), NAND(x1, NAND(x1, NAND(x2, NAND(x0, x0)))))"
107,9,3840,287096238,1.3375305879138688e-05,16.19006858963177,271,262,4241.797970483524,"NAND(NAND(x0, NAND(x1, x2)), NAND(NAND(x1, NAND(x1, x2)), NAND(x2, NAND(x1, NAND(x0, x0)))))"
108,7,640,2814669,0.0002273801999453577,12.102605748381432,223,216,2614.1628416503895,"NAND(NAND(x1, NAND(x0, x2)), NAND(x0, NAND(x0, NAND(x2, NAND(x0, x1)))))"
109,9,3840,287096238,1.3375305879138688e-05,16.19006858963177,279,270,4371.3185192005785,"NAND(NAND(x1, NAND(x0, x2)), NAND(NAND(x0, NAND(x0, x2)), NAND(x2, NAND(x0, NAND(x0, x1)))))"
110,5,128,30618,0.004180547390423933,7.902092427105697,287,282,2228.3900644438068,"NAND(NAND(x0, NAND(x0, x1)), NAND(x1, NAND(x0, x2)))"
111,6,144,288684,0.0004988153136301285,10.969206622964235,103,97,1064.0130424275308,"NAND(x2, NAND(NAND(x0, x1), NAND(NAND(x0, x0), NAND(x1, x1))))"
112,5,232,30618,0.00757724214514338,7.044111431978125,135,130,915.7344861571563,"NAND(NAND(x0, NAND(x0, x0)), NAND(x2, NAND(x0, x1)))"
113,6,16,288684,5.542392373668094e-05,14.139131624406547,247,241,3407.5307214819777,"NAND(NAND(x2, NAND(x0, x1)), NAND(NAND(x0, x0), NAND(x1, x1)))"
114,5,120,30618,0.003919263178522437,7.995201831497179,239,234,1870.8772285703399,"NAND(NAND(x0, NAND(x0, x1)), NAND(x2, NAND(x0, x0)))"
115,3,20,405,0.04938271604938271,4.339850002884625,255,252,1093.6422007269255,"NAND(x1, NAND(x2, NAND(x0, x0)))"
116,5,120,30618,0.003919263178522437,7.995201831497179,231,226,1806.9156139183626,"NAND(NAND(x1, NAND(x0, x0)), NAND(x2, NAND(x0, x1)))"
117,3,20,405,0.04938271604938271,4.339850002884625,263,260,1128.3610007500026,"NAND(x0, NAND(x2, NAND(x0, x1)))"
118,8,544,28146690,1.9327316995355404e-05,15.658999096905818,271,263,4118.31676248623,"NAND(NAND(x0, NAND(x0, x1)), NAND(NAND(x0, x0), NAND(NAND(x1, x1), NAND(x2, x2))))"
119,1,2,9,0.2222222222222222,2.1699250014423126,95,94,203.97295013557738,"NAND(x0, x1)"
120,7,640,2814669,0.0002273801999453577,12.102605748381432,223,216,2614.1628416503895,"NAND(NAND(x2, NAND(x0, x1)), NAND(x0, NAND(x0, NAND(x1, NAND(x0, x2)))))"
121,9,3840,287096238,1.3375305879138688e-05,16.19006858963177,279,270,4371.3185192005785,"NAND(NAND(x2, NAND(x0, x1)), NAND(NAND(x0, NAND(x0, x1)), NAND(x1, NAND(x0, NAND(x0, x2)))))"
122,5,128,30618,0.004180547390423933,7.902092427105697,287,282,2228.3900644438068,"NAND(NAND(x0, NAND(x0, x2)), NAND(x2, NAND(x0, x1)))"
123,6,144,288684,0.0004988153136301285,10.969206622964235,103,97,1064.0130424275308,"NAND(x1, NAND(NAND(x0, x2), NAND(NAND(x0, x0), NAND(x1, x2))))"
124,5,128,30618,0.004180547390423933,7.902092427105697,303,298,2354.8235432774977,"NAND(NAND(x1, NAND(x0, x2)), NAND(x2, NAND(x0, x1)))"
125,6,144,288684,0.0004988153136301285,10.969206622964235,111,105,1151.7666954112447,"NAND(x0, NAND(NAND(x1, x2), NAND(NAND(x0, x1), NAND(x0, x2))))"
126,8,1056,28146690,3.751773299098402e-05,14.702067818797705,119,111,1631.9295278865452,"NAND(NAND(x0, NAND(x0, x1)), NAND(NAND(x0, x2), NAND(NAND(x1, x1), NAND(x2, x2))))"
127,3,24,405,0.05925925925925926,4.076815597050831,19,16,65.2290495528133,"NAND(x0, NAND(x0, NAND(x1, x2)))"
128,6,288,288684,0.000997630627260257,9.969206622964235,9,3,29.907619868892702,"NAND(NAND(x0, NAND(x0, x0)), NAND(x0, NAND(x0, NAND(x1, x2))))"
129,11,18432,31241290626,5.899884297564935e-07,20.69281000210418,59,48,993.2548801010007,"NAND(NAND(x0, NAND(x0, x0)), NAND(NAND(x0, NAND(x0, x1)), NAND(NAND(x0, x2), NAND(NAND(x1, x1), NAND(x2, x2)))))"
130,9,5184,287096238,1.805666293683723e-05,15.757109182355666,55,46,724.8270223883607,"NAND(NAND(x0, NAND(x0, x0)), NAND(x0, NAND(NAND(x1, x2), NAND(NAND(x0, x1), NAND(x0, x2)))))"
131,7,96,2814669,3.4107029991803654e-05,14.83957134254764,151,144,2136.89827332686,"NAND(NAND(x0, NAND(x0, NAND(x1, x2))), NAND(NAND(x1, x1), NAND(x2, x2)))"
132,9,5184,287096238,1.805666293683723e-05,15.757109182355666,51,42,661.798585658938,"NAND(NAND(x0, NAND(x0, x0)), NAND(x1, NAND(NAND(x0, x2), NAND(NAND(x0, x0), NAND(x1, x2)))))"
133,7,96,2814669,3.4107029991803654e-05,14.83957134254764,143,136,2018.1817025864789,"NAND(NAND(x0, NAND(x0, NAND(x1, x2))), NAND(NAND(x0, x0), NAND(x2, x2)))"
134,11,20736,31241290626,6.637369834760552e-07,20.52288500066187,139,128,2626.9292800847193,"NAND(NAND(x0, NAND(x0, NAND(x1, x2))), NAND(NAND(x0, x1), NAND(NAND(x0, NAND(x0, x2)), NAND(x1, NAND(x1, x2)))))"
135,7,192,2814669,6.821405998360731e-05,13.83957134254764,255,248,3432.2136929518147,"NAND(NAND(x0, NAND(x0, NAND(x1, x2))), NAND(NAND(x0, x1), NAND(x2, x2)))"
136,3,4,405,0.009876543209876543,6.661778097771987,47,44,293.11823630196744,"NAND(NAND(x0, x1), NAND(x0, x1))"
137,9,544,287096238,1.8948349995446475e-06,19.00949634398995,135,126,2395.196539342734,"NAND(NAND(x0, x1), NAND(NAND(x0, x0), NAND(NAND(x0, x0), NAND(NAND(x1, x1), NAND(x2, x2)))))"
138,4,24,3402,0.007054673721340388,7.147204924942229,131,127,907.6950254676631,"NAND(NAND(x0, x1), NAND(x0, NAND(x0, x2)))"
139,5,8,30618,0.00026128421190149584,11.902092427105698,247,242,2880.306367359579,"NAND(NAND(x0, x1), NAND(NAND(x1, x1), NAND(x2, x2)))"
140,4,24,3402,0.007054673721340388,7.147204924942229,127,123,879.1062057678942,"NAND(NAND(x0, x1), NAND(x1, NAND(x1, x2)))"
141,5,8,30618,0.00026128421190149584,11.902092427105698,239,234,2785.0896279427334,"NAND(NAND(x0, x1), NAND(NAND(x0, x0), NAND(x2, x2)))"
142,6,480,288684,0.001662717712100428,9.232241028798029,231,225,2077.2542314795564,"NAND(NAND(x0, NAND(x0, x2)), NAND(x1, NAND(x2, NAND(x0, x0))))"
143,2,4,54,0.07407407407407407,3.7548875021634687,271,269,1010.064738081973,"NAND(x2, NAND(x0, x1))"
144,9,5184,287096238,1.805666293683723e-05,15.757109182355666,51,42,661.798585658938,"NAND(NAND(x0, NAND(x0, x0)), NAND(x2, NAND(NAND(x0, x1), NAND(NAND(x0, x0), NAND(x1, x1)))))"
145,7,96,2814669,3.4107029991803654e-05,14.83957134254764,143,136,2018.1817025864789,"NAND(NAND(x0, NAND(x0, NAND(x1, x2))), NAND(NAND(x0, x0), NAND(x1, x1)))"
146,11,20736,31241290626,6.637369834760552e-07,20.52288500066187,139,128,2626.9292800847193,"NAND(NAND(x0, NAND(x0, NAND(x1, x2))), NAND(NAND(x0, x2), NAND(NAND(x0, NAND(x0, x1)), NAND(x2, NAND(x1, x1)))))"
147,7,192,2814669,6.821405998360731e-05,13.83957134254764,255,248,3432.2136929518147,"NAND(NAND(x0, NAND(x0, NAND(x1, x2))), NAND(NAND(x0, x2), NAND(x1, x1)))"
148,11,20736,31241290626,6.637369834760552e-07,20.52288500066187,135,124,2544.837740082072,"NAND(NAND(x0, NAND(x0, NAND(x1, x2))), NAND(NAND(x0, x0), NAND(NAND(x1, NAND(x1, x2)), NAND(x2, NAND(x1, x1)))))"
149,7,192,2814669,6.821405998360731e-05,13.83957134254764,247,240,3321.4971222114336,"NAND(NAND(x0, NAND(x0, NAND(x1, x2))), NAND(NAND(x0, x0), NAND(x1, x2)))"
150,14,373248,38375290837080,9.72625853402915e-09,26.615467913571017,239,225,5988.480280553479,"NAND(NAND(x0, NAND(NAND(x1, x2), NAND(NAND(x0, x1), NAND(x0, x2)))), NAND(NAND(x0, x0), NAND(NAND(x1, NAND(x1, x2)), NAND(x2, NAND(x1, x1)))))"
151,9,3072,287096238,1.070024470331095e-05,16.511996684519133,263,254,4194.04715786786,"NAND(NAND(NAND(x0, x0), NAND(x1, x2)), NAND(NAND(x1, NAND(x0, x2)), NAND(x2, NAND(x0, x1))))"
152,7,288,2814669,0.00010232108997541096,13.254608841826483,131,124,1643.571496386484,"NAND(NAND(x0, x1), NAND(x2, NAND(x2, NAND(NAND(x0, x0), NAND(x1, x1)))))"
153,5,8,30618,0.00026128421190149584,11.902092427105698,239,234,2785.0896279427334,"NAND(NAND(x0, x1), NAND(NAND(x0, x0), NAND(x1, x1)))"
154,8,192,28146690,6.8214059983607306e-06,17.161499437435,231,223,3827.0143745480054,"NAND(NAND(x0, x1), NAND(NAND(x0, x2), NAND(NAND(x0, x0), NAND(x2, NAND(x1, x1)))))"
155,5,16,30618,0.0005225684238029917,10.902092427105698,271,266,2899.956585610116,"NAND(NAND(x0, x1), NAND(NAND(x0, x2), NAND(x1, x1)))"
156,8,192,28146690,6.8214059983607306e-06,17.161499437435,223,215,3689.7223790485255,"NAND(NAND(x0, x1), NAND(NAND(x1, x2), NAND(NAND(x1, x1), NAND(x2, NAND(x0, x0)))))"
157,5,16,30618,0.0005225684238029917,10.902092427105698,279,274,2987.1733250269613,"NAND(NAND(x0, x1), NAND(NAND(x0, x0), NAND(x1, x2)))"
158,10,3840,2975361012,1.2905996900923295e-06,19.563526985159218,287,277,5419.096974889103,"NAND(NAND(x0, NAND(x2, NAND(x0, x1))), NAND(NAND(x1, x2), NAND(NAND(x1, x1), NAND(x2, NAND(x0, x0)))))"
159,5,32,30618,0.0010451368476059833,9.902092427105698,103,98,970.4050578563584,"NAND(NAND(x0, x1), NAND(NAND(x0, x2), NAND(x1, x2)))"
160,3,4,405,0.009876543209876543,6.661778097771987,47,44,293.11823630196744,"NAND(NAND(x0, x2), NAND(x0, x2))"
161,9,544,287096238,1.8948349995446475e-06,19.00949634398995,135,126,2395.196539342734,"NAND(NAND(x0, x2), NAND(NAND(x0, x0), NAND(NAND(x0, x0), NAND(NAND(x1, x1), NAND(x2, x2)))))"
162,4,24,3402,0.007054673721340388,7.147204924942229,131,127,907.6950254676631,"NAND(NAND(x0, x2), NAND(x0, NAND(x0, x1)))"
163,5,8,30618,0.00026128421190149584,11.902092427105698,247,242,2880.306367359579,"NAND(NAND(x0, x2), NAND(NAND(x1, x1), NAND(x2, x2)))"
164,7,288,2814669,0.00010232108997541096,13.254608841826483,127,120,1590.553061019178,"NAND(NAND(x0, x2), NAND(x1, NAND(x1, NAND(NAND(x0, x0), NAND(x1, x2)))))"
165,5,8,30618,0.00026128421190149584,11.902092427105698,239,234,2785.0896279427334,"NAND(NAND(x0, x2), NAND(NAND(x0, x0), NAND(x2, x2)))"
166,8,192,28146690,6.8214059983607306e-06,17.161499437435,231,223,3827.0143745480054,"NAND(NAND(x0, x2), NAND(NAND(x0, x1), NAND(NAND(x0, x0), NAND(x1, NAND(x1, x2)))))"
167,5,16,30618,0.0005225684238029917,10.902092427105698,279,274,2987.1733250269613,"NAND(NAND(x0, x2), NAND(NAND(x0, x1), NAND(x2, x2)))"
168,3,8,405,0.019753086419753086,5.661778097771987,123,120,679.4133717326384,"NAND(NAND(x0, x1), NAND(x0, x2))"
169,9,128,287096238,4.458435293046229e-07,21.09695918524029,231,222,4683.524939123345,"NAND(NAND(x0, x1), NAND(NAND(x1, x1), NAND(NAND(x0, x2), NAND(NAND(x0, x0), NAND(x2, x2)))))"
170,0,1,3,0.3333333333333333,1.5849625007211563,223,223,353.4466376608178,x0
171,5,4,30618,0.00013064210595074792,12.902092427105698,287,282,3638.3900644438068,"NAND(NAND(x0, x0), NAND(NAND(x1, x1), NAND(x2, x2)))"
172,4,24,3402,0.007054673721340388,7.147204924942229,215,211,1508.0602391628104,"NAND(NAND(x0, x2), NAND(x1, NAND(x1, x2)))"
173,6,48,288684,0.0001662717712100428,12.55416912368539,295,289,3628.154876745078,"NAND(NAND(x0, x2), NAND(NAND(x2, x2), NAND(x0, NAND(x0, x1))))"
174,4,12,3402,0.003527336860670194,8.147204924942228,303,299,2436.014272557726,"NAND(NAND(x0, x0), NAND(x1, NAND(x1, x2)))"
175,2,6,54,0.1111111111111111,3.1699250014423126,111,109,345.52182515721205,"NAND(x2, NAND(x0, x0))"
176,4,24,3402,0.007054673721340388,7.147204924942229,127,123,879.1062057678942,"NAND(NAND(x0, x2), NAND(x2, NAND(x1, x1)))"
177,5,8,30618,0.00026128421190149584,11.902092427105698,239,234,2785.0896279427334,"NAND(NAND(x0, x2), NAND(NAND(x0, x0), NAND(x1, x1)))"
178,6,480,288684,0.001662717712100428,9.232241028798029,231,225,2077.2542314795564,"NAND(NAND(x0, NAND(x0, x1)), NAND(x2, NAND(x1, NAND(x0, x0))))"
179,2,4,54,0.07407407407407407,3.7548875021634687,271,269,1010.064738081973,"NAND(x1, NAND(x0, x2))"
180,8,192,28146690,6.8214059983607306e-06,17.161499437435,223,215,3689.7223790485255,"NAND(NAND(x0, x2), NAND(NAND(x1, x2), NAND(NAND(x2, x2), NAND(x1, NAND(x0, x0)))))"
181,5,16,30618,0.0005225684238029917,10.902092427105698,279,274,2987.1733250269613,"NAND(NAND(x0, x2), NAND(NAND(x0, x0), NAND(x1, x2)))"
182,10,3840,2975361012,1.2905996900923295e-06,19.563526985159218,287,277,5419.096974889103,"NAND(NAND(x0, NAND(x1, NAND(x0, x2))), NAND(NAND(x1, x2), NAND(NAND(x2, x2), NAND(x1, NAND(x0, x0)))))"
183,5,32,30618,0.0010451368476059833,9.902092427105698,103,98,970.4050578563584,"NAND(NAND(x0, x2), NAND(NAND(x0, x1), NAND(x1, x2)))"
184,4,24,3402,0.007054673721340388,7.147204924942229,215,211,1508.0602391628104,"NAND(NAND(x0, x1), NAND(x2, NAND(x1, x1)))"
185,6,48,288684,0.0001662717712100428,12.55416912368539,295,289,3628.154876745078,"NAND(NAND(x0, x1), NAND(NAND(x1, x1), NAND(x0, NAND(x0, x2))))"
186,4,12,3402,0.003527336860670194,8.147204924942228,303,299,2436.014272557726,"NAND(NAND(x0, x0), NAND(x2, NAND(x1, x1)))"
187,2,6,54,0.1111111111111111,3.1699250014423126,111,109,345.52182515721205,"NAND(x1, NAND(x0, x0))"
188,6,480,288684,0.001662717712100428,9.232241028798029,319,313,2889.691442013783,"NAND(NAND(x1, NAND(x1, x2)), NAND(x2, NAND(x1, NAND(x0, x0))))"
189,6,192,288684,0.0006650870848401712,10.55416912368539,119,113,1192.6211109764492,"NAND(NAND(x0, x1), NAND(NAND(x1, x2), NAND(x0, NAND(x0, x2))))"
190,7,16,2814669,5.684504998633942e-06,17.424533843268794,127,120,2090.944061192255,"NAND(NAND(x0, x0), NAND(NAND(x1, x2), NAND(NAND(x1, x1), NAND(x2, x2))))"
191,4,80,3402,0.023515579071134628,5.410239330776022,23,19,102.79454728474443,"NAND(x1, NAND(x1, NAND(x2, NAND(x0, x0))))"
192,3,4,405,0.009876543209876543,6.661778097771987,43,40,266.4711239108795,"NAND(NAND(x1, x2), NAND(x1, x2))"
193,9,544,287096238,1.8948349995446475e-06,19.00949634398995,127,118,2243.1205685908144,"NAND(NAND(x1, x2), NAND(NAND(x0, x0), NAND(NAND(x0, x0), NAND(NAND(x1, x1), NAND(x2, x2)))))"
194,7,288,2814669,0.00010232108997541096,13.254608841826483,123,116,1537.5346256518721,"NAND(NAND(x1, x2), NAND(x0, NAND(x0, NAND(NAND(x0, x1), NAND(x0, x2)))))"
195,5,8,30618,0.00026128421190149584,11.902092427105698,239,234,2785.0896279427334,"NAND(NAND(x1, x2), NAND(NAND(x1, x1), NAND(x2, x2)))"
196,4,24,3402,0.007054673721340388,7.147204924942229,119,115,821.9285663683563,"NAND(NAND(x1, x2), NAND(x1, NAND(x0, x0)))"
197,5,8,30618,0.00026128421190149584,11.902092427105698,231,226,2689.872888525888,"NAND(NAND(x1, x2), NAND(NAND(x0, x0), NAND(x2, x2)))"
198,8,192,28146690,6.8214059983607306e-06,17.161499437435,223,215,3689.7223790485255,"NAND(NAND(x1, x2), NAND(NAND(x0, x1), NAND(NAND(x1, x1), NAND(x0, NAND(x0, x2)))))"
199,5,16,30618,0.0005225684238029917,10.902092427105698,295,290,3161.6068038606522,"NAND(NAND(x1, x2), NAND(NAND(x0, x1), NAND(x2, x2)))"
200,3,8,405,0.019753086419753086,5.661778097771987,115,112,634.1191469504626,"NAND(NAND(x0, x1), NAND(x1, x2))"
201,9,128,287096238,4.458435293046229e-07,21.09695918524029,223,214,4514.749265641422,"NAND(NAND(x0, x1), NAND(NAND(x0, x0), NAND(NAND(x1, x2), NAND(NAND(x1, x1), NAND(x2, x2)))))"
202,4,24,3402,0.007054673721340388,7.147204924942229,215,211,1508.0602391628104,"NAND(NAND(x1, x2), NAND(x0, NAND(x0, x2)))"
203,6,48,288684,0.0001662717712100428,12.55416912368539,303,297,3728.588229734561,"NAND(NAND(x1, x2), NAND(NAND(x2, x2), NAND(x1, NAND(x0, x0))))"
204,0,1,3,0.3333333333333333,1.5849625007211563,207,207,328.08723764927936,x1
205,5,4,30618,0.00013064210595074792,12.902092427105698,311,306,3948.0402826943437,"NAND(NAND(x1, x1), NAND(NAND(x0, x0), NAND(x2, x2)))"
206,4,12,3402,0.003527336860670194,8.147204924942228,319,315,2566.369551356802,"NAND(NAND(x1, x1), NAND(x0, NAND(x0, x2)))"
207,2,6,54,0.1111111111111111,3.1699250014423126,119,117,370.8812251687506,"NAND(x2, NAND(x1, x1))"
208,4,24,3402,0.007054673721340388,7.147204924942229,119,115,821.9285663683563,"NAND(NAND(x1, x2), NAND(x2, NAND(x0, x0)))"
209,5,8,30618,0.00026128421190149584,11.902092427105698,231,226,2689.872888525888,"NAND(NAND(x1, x2), NAND(NAND(x0, x0), NAND(x1, x1)))"
210,8,192,28146690,6.8214059983607306e-06,17.161499437435,223,215,3689.7223790485255,"NAND(NAND(x1, x2), NAND(NAND(x0, x2), NAND(NAND(x2, x2), NAND(x0, NAND(x0, x1)))))"
211,5,16,30618,0.0005225684238029917,10.902092427105698,287,282,3074.3900644438068,"NAND(NAND(x1, x2), NAND(NAND(x0, x2), NAND(x1, x1)))"
212,6,480,288684,0.001662717712100428,9.232241028798029,215,209,1929.538375018788,"NAND(NAND(x1, NAND(x0, x0)), NAND(x2, NAND(x0, NAND(x0, x1))))"
213,2,4,54,0.07407407407407407,3.7548875021634687,295,293,1100.1820381338964,"NAND(x0, NAND(x1, x2))"
214,10,3840,2975361012,1.2905996900923295e-06,19.563526985159218,303,293,5732.113406651651,"NAND(NAND(x1, NAND(x0, NAND(x0, x2))), NAND(NAND(x0, x2), NAND(NAND(x2, x2), NAND(x0, NAND(x0, x1)))))"
215,5,32,30618,0.0010451368476059833,9.902092427105698,111,106,1049.621797273204,"NAND(NAND(x1, x2), NAND(NAND(x0, x1), NAND(x0, x2)))"
216,4,24,3402,0.007054673721340388,7.147204924942229,207,203,1450.8825997632725,"NAND(NAND(x0, x1), NAND(x2, NAND(x0, x0)))"
217,6,48,288684,0.0001662717712100428,12.55416912368539,311,305,3829.021582724044,"NAND(NAND(x0, x1), NAND(NAND(x0, x0), NAND(x1, NAND(x1, x2))))"
218,6,480,288684,0.001662717712100428,9.232241028798029,319,313,2889.691442013783,"NAND(NAND(x0, NAND(x0, x2)), NAND(x2, NAND(x0, NAND(x0, x1))))"
219,6,192,288684,0.0006650870848401712,10.55416912368539,119,113,1192.6211109764492,"NAND(NAND(x0, x1), NAND(NAND(x0, x2), NAND(x1, NAND(x1, x2))))"
220,4,12,3402,0.003527336860670194,8.147204924942228,335,331,2696.7248301558775,"NAND(NAND(x1, x1), NAND(x2, NAND(x0, x0)))"
221,2,6,54,0.1111111111111111,3.1699250014423126,127,125,396.2406251802891,"NAND(x0, NAND(x0, x1))"
222,7,16,2814669,5.684504998633942e-06,17.424533843268794,135,128,2230.3403319384056,"NAND(NAND(x1, x1), NAND(NAND(x0, x2), NAND(NAND(x0, x0), NAND(x2, x2))))"
223,4,80,3402,0.023515579071134628,5.410239330776022,27,23,124.43550460784851,"NAND(x0, NAND(x0, NAND(x2, NAND(x0, x1))))"
224,3,8,405,0.019753086419753086,5.661778097771987,115,112,634.1191469504626,"NAND(NAND(x0, x2), NAND(x1, x2))"
225,9,128,287096238,4.458435293046229e-07,21.09695918524029,223,214,4514.749265641422,"NAND(NAND(x0, x2), NAND(NAND(x0, x0), NAND(NAND(x1, x2), NAND(NAND(x1, x1), NAND(x2, x2)))))"
226,4,24,3402,0.007054673721340388,7.147204924942229,215,211,1508.0602391628104,"NAND(NAND(x1, x2), NAND(x0, NAND(x0, x1)))"
227,6,48,288684,0.0001662717712100428,12.55416912368539,303,297,3728.588229734561,"NAND(NAND(x1, x2), NAND(NAND(x1, x1), NAND(x2, NAND(x0, x0))))"
228,4,24,3402,0.007054673721340388,7.147204924942229,207,203,1450.8825997632725,"NAND(NAND(x0, x2), NAND(x1, NAND(x0, x0)))"
229,6,48,288684,0.0001662717712100428,12.55416912368539,311,305,3829.021582724044,"NAND(NAND(x0, x2), NAND(NAND(x0, x0), NAND(x2, NAND(x1, x1))))"
230,6,480,288684,0.001662717712100428,9.232241028798029,319,313,2889.691442013783,"NAND(NAND(x0, NAND(x0, x1)), NAND(x1, NAND(x0, NAND(x0, x2))))"
231,6,192,288684,0.0006650870848401712,10.55416912368539,119,113,1192.6211109764492,"NAND(NAND(x0, x2), NAND(NAND(x0, x1), NAND(x2, NAND(x1, x1))))"
232,6,432,288684,0.0014964459408903852,9.384244122243079,199,193,1811.159115592914,"NAND(NAND(x0, x1), NAND(x2, NAND(NAND(x0, x0), NAND(x1, x1))))"
233,11,13824,31241290626,4.4249132231737013e-07,21.107847501383027,327,316,6670.079810437037,"NAND(NAND(x0, x1), NAND(NAND(x0, NAND(x0, x2)), NAND(NAND(x1, x2), NAND(NAND(x1, x1), NAND(x2, NAND(x0, x0))))))"
234,3,4,405,0.009876543209876543,6.661778097771987,335,332,2211.7103284602995,"NAND(NAND(x0, x0), NAND(x1, x2))"
235,7,432,2814669,0.00015348163496311645,12.669646341105327,127,120,1520.3575609326392,"NAND(NAND(x0, x0), NAND(NAND(x1, NAND(x1, x2)), NAND(x2, NAND(x1, x1))))"
236,3,4,405,0.009876543209876543,6.661778097771987,351,348,2318.2987780246513,"NAND(NAND(x0, x2), NAND(x1, x1))"
237,7,432,2814669,0.00015348163496311645,12.669646341105327,135,128,1621.714731661482,"NAND(NAND(x0, x2), NAND(NAND(x0, NAND(x0, x1)), NAND(x2, NAND(x1, x1))))"
238,3,2,405,0.0049382716049382715,7.661778097771987,143,140,1072.6489336880782,"NAND(NAND(x0, x0), NAND(x1, x1))"
239,5,72,30618,0.0023515579071134627,8.732167425663386,31,26,227.03635306724803,"NAND(x2, NAND(x2, NAND(NAND(x0, x0), NAND(x1, x1))))"
240,0,1,3,0.3333333333333333,1.5849625007211563,207,207,328.08723764927936,x2
241,5,4,30618,0.00013064210595074792,12.902092427105698,311,306,3948.0402826943437,"NAND(NAND(x2, x2), NAND(NAND(x0, x0), NAND(x1, x1)))"
242,4,12,3402,0.003527336860670194,8.147204924942228,319,315,2566.369551356802,"NAND(NAND(x2, x2), NAND(x0, NAND(x0, x1)))"
243,2,6,54,0.1111111111111111,3.1699250014423126,119,117,370.8812251687506,"NAND(x1, NAND(x1, x2))"
244,4,12,3402,0.003527336860670194,8.147204924942228,335,331,2696.7248301558775,"NAND(NAND(x2, x2), NAND(x1, NAND(x0, x0)))"
245,2,6,54,0.1111111111111111,3.1699250014423126,127,125,396.2406251802891,"NAND(x0, NAND(x0, x2))"
246,7,16,2814669,5.684504998633942e-06,17.424533843268794,135,128,2230.3403319384056,"NAND(NAND(x2, x2), NAND(NAND(x0, x1), NAND(NAND(x0, x0), NAND(x1, x1))))"
247,4,80,3402,0.023515579071134628,5.410239330776022,27,23,124.43550460784851,"NAND(x0, NAND(x0, NAND(x1, NAND(x0, x2))))"
248,3,4,405,0.009876543209876543,6.661778097771987,351,348,2318.2987780246513,"NAND(NAND(x0, x1), NAND(x2, x2))"
249,7,432,2814669,0.00015348163496311645,12.669646341105327,135,128,1621.714731661482,"NAND(NAND(x0, x1), NAND(NAND(x0, NAND(x0, x2)), NAND(x1, NAND(x1, x2))))"
250,3,2,405,0.0049382716049382715,7.661778097771987,143,140,1072.6489336880782,"NAND(NAND(x0, x0), NAND(x2, x2))"
251,5,72,30618,0.0023515579071134627,8.732167425663386,31,26,227.03635306724803,"NAND(x1, NAND(x1, NAND(NAND(x0, x0), NAND(x1, x2))))"
252,3,2,405,0.0049382716049382715,7.661778097771987,151,148,1133.943158470254,"NAND(NAND(x1, x1), NAND(x2, x2))"
253,5,72,30618,0.0023515579071134627,8.732167425663386,35,30,261.96502276990157,"NAND(x0, NAND(x0, NAND(NAND(x0, x1), NAND(x0, x2))))"
254,7,120,2814669,4.263378748975457e-05,14.517643247660276,39,32,464.56458392512883,"NAND(NAND(x0, x0), NAND(NAND(x0, x0), NAND(NAND(x1, x1), NAND(x2, x2))))"
255,2,6,54,0.1111111111111111,3.1699250014423126,11,9,28.529325012980813,"NAND(x0, NAND(x0, x0))"
