truth_table,bias,algebraic_degree,input_symmetries,influence_0,influence_1,influence_2,fourier_energy_degree_0,fourier_energy_degree_1,fourier_energy_degree_2,fourier_energy_degree_3,semantic_pc1,semantic_pc2
0,-1.0,0,6,0.0,0.0,0.0,1.0,0.0,0.0,0.0,-4.961106504830342,5.438927146293121
1,-0.75,3,6,0.25,0.25,0.25,0.5625,0.1875,0.1875,0.0625,-2.3919474023048486,3.6430573307847935
2,-0.75,3,2,0.25,0.25,0.25,0.5625,0.1875,0.1875,0.0625,-2.3763614918028875,1.8685379817089944
3,-0.5,2,2,0.0,0.5,0.5,0.25,0.5,0.25,0.0,-1.718305504780676,-0.1680702037761235
4,-0.75,3,2,0.25,0.25,0.25,0.5625,0.1875,0.1875,0.0625,-2.3763614918028875,1.8685379817089944
5,-0.5,2,2,0.0,0.5,0.5,0.25,0.5,0.25,0.0,-1.718305504780676,-0.1680702037761235
6,-0.5,2,2,0.5,0.5,0.5,0.25,0.25,0.25,0.25,-0.03134528426902256,1.561195304898453
7,-0.25,3,2,0.25,0.25,0.75,0.0625,0.6875,0.1875,0.0625,-1.349027533590283,-0.7873642498519036
8,-0.75,3,2,0.25,0.25,0.25,0.5625,0.1875,0.1875,0.0625,-2.3763614918028875,1.8685379817089944
9,-0.5,2,2,0.5,0.5,0.5,0.25,0.25,0.25,0.25,-0.03134528426902256,1.561195304898453
10,-0.5,2,1,0.0,0.5,0.5,0.25,0.5,0.25,0.0,-1.7144090271551857,-0.6117000410450731
11,-0.25,3,1,0.25,0.25,0.75,0.0625,0.6875,0.1875,0.0625,-1.3451310559647929,-1.2309940871208531
12,-0.5,2,1,0.0,0.5,0.5,0.25,0.5,0.25,0.0,-1.7144090271551857,-0.6117000410450731
13,-0.25,3,1,0.25,0.25,0.75,0.0625,0.6875,0.1875,0.0625,-1.3451310559647929,-1.2309940871208531
14,-0.25,3,2,0.25,0.25,0.75,0.0625,0.6875,0.1875,0.0625,-1.349027533590283,-0.7873642498519036
15,0.0,1,2,0.0,0.0,1.0,0.0,1.0,0.0,0.0,-2.836083254445181,-1.7917620097027362
16,-0.75,3,2,0.25,0.25,0.25,0.5625,0.1875,0.1875,0.0625,-2.3763614918028875,1.8685379817089944
17,-0.5,2,2,0.0,0.5,0.5,0.25,0.5,0.25,0.0,-1.718305504780676,-0.1680702037761235
18,-0.5,2,2,0.5,0.5,0.5,0.25,0.25,0.25,0.25,-0.03134528426902256,1.561195304898453
19,-0.25,3,2,0.25,0.25,0.75,0.0625,0.6875,0.1875,0.0625,-1.349027533590283,-0.7873642498519036
20,-0.5,2,2,0.5,0.5,0.5,0.25,0.25,0.25,0.25,-0.03134528426902256,1.561195304898453
21,-0.25,3,2,0.25,0.25,0.75,0.0625,0.6875,0.1875,0.0625,-1.349027533590283,-0.7873642498519036
22,-0.25,3,6,0.75,0.75,0.75,0.0625,0.1875,0.1875,0.5625,2.402558658519199,3.65070705307192
23,0.0,2,6,0.5,0.5,0.5,0.0,0.75,0.0,0.25,-0.7235733047655643,2.395973916776539
24,-0.5,2,2,0.5,0.5,0.5,0.25,0.0,0.75,0.0,0.6554272280448865,0.6788045150866956
25,-0.25,3,2,0.25,0.75,0.75,0.0625,0.1875,0.6875,0.0625,1.4179568608234154,-0.735468594490213
26,-0.25,3,1,0.25,0.75,0.75,0.0625,0.1875,0.6875,0.0625,1.4218533384489056,-1.1790984317591626
27,0.0,2,1,0.5,0.5,0.5,0.0,0.5,0.5,0.0,-0.017318404324203906,-0.7045660593799672
28,-0.25,3,1,0.25,0.75,0.75,0.0625,0.1875,0.6875,0.0625,1.4218533384489056,-1.1790984317591626
29,0.0,2,1,0.5,0.5,0.5,0.0,0.5,0.5,0.0,-0.017318404324203906,-0.7045660593799672
30,0.0,2,2,0.5,0.5,1.0,0.0,0.25,0.5,0.25,1.6726307839381622,-0.15496618946473198
31,0.25,3,2,0.25,0.25,0.75,0.0625,0.6875,0.1875,0.0625,-1.349027533590283,-0.7873642498519036
32,-0.75,3,2,0.25,0.25,0.25,0.5625,0.1875,0.1875,0.0625,-2.3763614918028875,1.8685379817089944
33,-0.5,2,2,0.5,0.5,0.5,0.25,0.25,0.25,0.25,-0.03134528426902256,1.561195304898453
34,-0.5,2,1,0.0,0.5,0.5,0.25,0.5,0.25,0.0,-1.7144090271551857,-0.6117000410450731
35,-0.25,3,1,0.25,0.25,0.75,0.0625,0.6875,0.1875,0.0625,-1.3451310559647929,-1.2309940871208531
36,-0.5,2,2,0.5,0.5,0.5,0.25,0.0,0.75,0.0,0.6554272280448865,0.6788045150866956
37,-0.25,3,2,0.25,0.75,0.75,0.0625,0.1875,0.6875,0.0625,1.4179568608234154,-0.735468594490213
38,-0.25,3,1,0.25,0.75,0.75,0.0625,0.1875,0.6875,0.0625,1.4218533384489056,-1.1790984317591626
39,0.0,2,1,0.5,0.5,0.5,0.0,0.5,0.5,0.0,-0.017318404324203906,-0.7045660593799672
40,-0.5,2,2,0.5,0.5,0.5,0.25,0.25,0.25,0.25,-0.03134528426902256,1.561195304898453
41,-0.25,3,2,0.75,0.75,0.75,0.0625,0.1875,0.1875,0.5625,2.4181445690211603,1.8761877039961212
42,-0.25,3,2,0.25,0.25,0.75,0.0625,0.6875,0.1875,0.0625,-1.349027533590283,-0.7873642498519036
43,0.0,2,2,0.5,0.5,0.5,0.0,0.75,0.0,0.25,-0.707987394263603,0.6214545677007401
44,-0.25,3,1,0.25,0.75,0.75,0.0625,0.1875,0.6875,0.0625,1.4218533384489056,-1.1790984317591626
45,0.0,2,1,0.5,0.5,1.0,0.0,0.25,0.5,0.25,1.6765272615636526,-0.5985960267336816
46,0.0,2,1,0.5,0.5,0.5,0.0,0.5,0.5,0.0,-0.017318404324203906,-0.7045660593799672
47,0.25,3,1,0.25,0.25,0.75,0.0625,0.6875,0.1875,0.0625,-1.3451310559647929,-1.2309940871208531
48,-0.5,2,1,0.0,0.5,0.5,0.25,0.5,0.25,0.0,-1.7144090271551857,-0.6117000410450731
49,-0.25,3,1,0.25,0.25,0.75,0.0625,0.6875,0.1875,0.0625,-1.3451310559647929,-1.2309940871208531
50,-0.25,3,2,0.25,0.25,0.75,0.0625,0.6875,0.1875,0.0625,-1.349027533590283,-0.7873642498519036
51,0.0,1,2,0.0,0.0,1.0,0.0,1.0,0.0,0.0,-2.836083254445181,-1.7917620097027362
52,-0.25,3,1,0.25,0.75,0.75,0.0625,0.1875,0.6875,0.0625,1.4218533384489056,-1.1790984317591626
53,0.0,2,1,0.5,0.5,0.5,0.0,0.5,0.5,0.0,-0.017318404324203906,-0.7045660593799672
54,0.0,2,2,0.5,0.5,1.0,0.0,0.25,0.5,0.25,1.6726307839381622,-0.15496618946473198
55,0.25,3,2,0.25,0.25,0.75,0.0625,0.6875,0.1875,0.0625,-1.349027533590283,-0.7873642498519036
56,-0.25,3,1,0.25,0.75,0.75,0.0625,0.1875,0.6875,0.0625,1.4218533384489056,-1.1790984317591626
57,0.0,2,1,0.5,0.5,1.0,0.0,0.25,0.5,0.25,1.6765272615636526,-0.5985960267336816
58,0.0,2,1,0.5,0.5,0.5,0.0,0.5,0.5,0.0,-0.017318404324203906,-0.7045660593799672
59,0.25,3,1,0.25,0.25,0.75,0.0625,0.6875,0.1875,0.0625,-1.3451310559647929,-1.2309940871208531
60,0.0,1,2,0.0,1.0,1.0,0.0,0.0,1.0,0.0,2.697885534382216,-1.687970698979355
61,0.25,3,2,0.25,0.75,0.75,0.0625,0.1875,0.6875,0.0625,1.4179568608234154,-0.735468594490213
62,0.25,3,2,0.25,0.75,0.75,0.0625,0.1875,0.6875,0.0625,1.4179568608234154,-0.735468594490213
63,0.5,2,2,0.0,0.5,0.5,0.25,0.5,0.25,0.0,-1.718305504780676,-0.1680702037761235
64,-0.75,3,2,0.25,0.25,0.25,0.5625,0.1875,0.1875,0.0625,-2.3763614918028875,1.8685379817089944
65,-0.5,2,2,0.5,0.5,0.5,0.25,0.25,0.25,0.25,-0.03134528426902256,1.561195304898453
66,-0.5,2,2,0.5,0.5,0.5,0.25,0.0,0.75,0.0,0.6554272280448865,0.6788045150866956
67,-0.25,3,2,0.25,0.75,0.75,0.0625,0.1875,0.6875,0.0625,1.4179568608234154,-0.735468594490213
68,-0.5,2,1,0.0,0.5,0.5,0.25,0.5,0.25,0.0,-1.7144090271551857,-0.6117000410450731
69,-0.25,3,1,0.25,0.25,0.75,0.0625,0.6875,0.1875,0.0625,-1.3451310559647929,-1.2309940871208531
70,-0.25,3,1,0.25,0.75,0.75,0.0625,0.1875,0.6875,0.0625,1.4218533384489056,-1.1790984317591626
71,0.0,2,1,0.5,0.5,0.5,0.0,0.5,0.5,0.0,-0.017318404324203906,-0.7045660593799672
72,-0.5,2,2,0.5,0.5,0.5,0.25,0.25,0.25,0.25,-0.03134528426902256,1.561195304898453
73,-0.25,3,2,0.75,0.75,0.75,0.0625,0.1875,0.1875,0.5625,2.4181445690211603,1.8761877039961212
74,-0.25,3,1,0.25,0.75,0.75,0.0625,0.1875,0.6875,0.0625,1.4218533384489056,-1.1790984317591626
75,0.0,2,1,0.5,0.5,1.0,0.0,0.25,0.5,0.25,1.6765272615636526,-0.5985960267336816
76,-0.25,3,2,0.25,0.25,0.75,0.0625,0.6875,0.1875,0.0625,-1.349027533590283,-0.7873642498519036
77,0.0,2,2,0.5,0.5,0.5,0.0,0.75,0.0,0.25,-0.707987394263603,0.6214545677007401
78,0.0,2,1,0.5,0.5,0.5,0.0,0.5,0.5,0.0,-0.017318404324203906,-0.7045660593799672
79,0.25,3,1,0.25,0.25,0.75,0.0625,0.6875,0.1875,0.0625,-1.3451310559647929,-1.2309940871208531
80,-0.5,2,1,0.0,0.5,0.5,0.25,0.5,0.25,0.0,-1.7144090271551857,-0.6117000410450731
81,-0.25,3,1,0.25,0.25,0.75,0.0625,0.6875,0.1875,0.0625,-1.3451310559647929,-1.2309940871208531
82,-0.25,3,1,0.25,0.75,0.75,0.0625,0.1875,0.6875,0.0625,1.4218533384489056,-1.1790984317591626
83,0.0,2,1,0.5,0.5,0.5,0.0,0.5,0.5,0.0,-0.017318404324203906,-0.7045660593799672
84,-0.25,3,2,0.25,0.25,0.75,0.0625,0.6875,0.1875,0.0625,-1.349027533590283,-0.7873642498519036
85,0.0,1,2,0.0,0.0,1.0,0.0,1.0,0.0,0.0,-2.836083254445181,-1.7917620097027362
86,0.0,2,2,0.5,0.5,1.0,0.0,0.25,0.5,0.25,1.6726307839381622,-0.15496618946473198
87,0.25,3,2,0.25,0.25,0.75,0.0625,0.6875,0.1875,0.0625,-1.349027533590283,-0.7873642498519036
88,-0.25,3,1,0.25,0.75,0.75,0.0625,0.1875,0.6875,0.0625,1.4218533384489056,-1.1790984317591626
89,0.0,2,1,0.5,0.5,1.0,0.0,0.25,0.5,0.25,1.6765272615636526,-0.5985960267336816
90,0.0,1,2,0.0,1.0,1.0,0.0,0.0,1.0,0.0,2.697885534382216,-1.687970698979355
91,0.25,3,2,0.25,0.75,0.75,0.0625,0.1875,0.6875,0.0625,1.4179568608234154,-0.735468594490213
92,0.0,2,1,0.5,0.5,0.5,0.0,0.5,0.5,0.0,-0.017318404324203906,-0.7045660593799672
93,0.25,3,1,0.25,0.25,0.75,0.0625,0.6875,0.1875,0.0625,-1.3451310559647929,-1.2309940871208531
94,0.25,3,2,0.25,0.75,0.75,0.0625,0.1875,0.6875,0.0625,1.4179568608234154,-0.735468594490213
95,0.5,2,2,0.0,0.5,0.5,0.25,0.5,0.25,0.0,-1.718305504780676,-0.1680702037761235
96,-0.5,2,2,0.5,0.5,0.5,0.25,0.25,0.25,0.25,-0.03134528426902256,1.561195304898453
97,-0.25,3,2,0.75,0.75,0.75,0.0625,0.1875,0.1875,0.5625,2.4181445690211603,1.8761877039961212
98,-0.25,3,1,0.25,0.75,0.75,0.0625,0.1875,0.6875,0.0625,1.4218533384489056,-1.1790984317591626
99,0.0,2,1,0.5,0.5,1.0,0.0,0.25,0.5,0.25,1.6765272615636526,-0.5985960267336816
100,-0.25,3,1,0.25,0.75,0.75,0.0625,0.1875,0.6875,0.0625,1.4218533384489056,-1.1790984317591626
101,0.0,2,1,0.5,0.5,1.0,0.0,0.25,0.5,0.25,1.6765272615636526,-0.5985960267336816
102,0.0,1,2,0.0,1.0,1.0,0.0,0.0,1.0,0.0,2.697885534382216,-1.687970698979355
103,0.25,3,2,0.25,0.75,0.75,0.0625,0.1875,0.6875,0.0625,1.4179568608234154,-0.735468594490213
104,-0.25,3,6,0.75,0.75,0.75,0.0625,0.1875,0.1875,0.5625,2.402558658519199,3.65070705307192
105,0.0,1,6,1.0,1.0,1.0,0.0,0.0,0.0,1.0,4.682675040275745,5.3098612470691124
106,0.0,2,2,0.5,0.5,1.0,0.0,0.25,0.5,0.25,1.6726307839381622,-0.15496618946473198
107,0.25,3,2,0.75,0.75,0.75,0.0625,0.1875,0.1875,0.5625,2.4181445690211603,1.8761877039961212
108,0.0,2,2,0.5,0.5,1.0,0.0,0.25,0.5,0.25,1.6726307839381622,-0.15496618946473198
109,0.25,3,2,0.75,0.75,0.75,0.0625,0.1875,0.1875,0.5625,2.4181445690211603,1.8761877039961212
110,0.25,3,2,0.25,0.75,0.75,0.0625,0.1875,0.6875,0.0625,1.4179568608234154,-0.735468594490213
111,0.5,2,2,0.5,0.5,0.5,0.25,0.25,0.25,0.25,-0.03134528426902256,1.561195304898453
112,-0.25,3,2,0.25,0.25,0.75,0.0625,0.6875,0.1875,0.0625,-1.349027533590283,-0.7873642498519036
113,0.0,2,2,0.5,0.5,0.5,0.0,0.75,0.0,0.25,-0.707987394263603,0.6214545677007401
114,0.0,2,1,0.5,0.5,0.5,0.0,0.5,0.5,0.0,-0.017318404324203906,-0.7045660593799672
115,0.25,3,1,0.25,0.25,0.75,0.0625,0.6875,0.1875,0.0625,-1.3451310559647929,-1.2309940871208531
116,0.0,2,1,0.5,0.5,0.5,0.0,0.5,0.5,0.0,-0.017318404324203906,-0.7045660593799672
117,0.25,3,1,0.25,0.25,0.75,0.0625,0.6875,0.1875,0.0625,-1.3451310559647929,-1.2309940871208531
118,0.25,3,2,0.25,0.75,0.75,0.0625,0.1875,0.6875,0.0625,1.4179568608234154,-0.735468594490213
119,0.5,2,2,0.0,0.5,0.5,0.25,0.5,0.25,0.0,-1.718305504780676,-0.1680702037761235
120,0.0,2,2,0.5,0.5,1.0,0.0,0.25,0.5,0.25,1.6726307839381622,-0.15496618946473198
121,0.25,3,2,0.75,0.75,0.75,0.0625,0.1875,0.1875,0.5625,2.4181445690211603,1.8761877039961212
122,0.25,3,2,0.25,0.75,0.75,0.0625,0.1875,0.6875,0.0625,1.4179568608234154,-0.735468594490213
123,0.5,2,2,0.5,0.5,0.5,0.25,0.25,0.25,0.25,-0.03134528426902256,1.561195304898453
124,0.25,3,2,0.25,0.75,0.75,0.0625,0.1875,0.6875,0.0625,1.4179568608234154,-0.735468594490213
125,0.5,2,2,0.5,0.5,0.5,0.25,0.25,0.25,0.25,-0.03134528426902256,1.561195304898453
126,0.5,2,6,0.5,0.5,0.5,0.25,0.0,0.75,0.0,0.6398413175429254,2.4533238641624946
127,0.75,3,6,0.25,0.25,0.25,0.5625,0.1875,0.1875,0.0625,-2.3919474023048486,3.6430573307847935
128,-0.75,3,6,0.25,0.25,0.25,0.5625,0.1875,0.1875,0.0625,-2.3919474023048486,3.6430573307847935
129,-0.5,2,6,0.5,0.5,0.5,0.25,0.0,0.75,0.0,0.6398413175429254,2.4533238641624946
130,-0.5,2,2,0.5,0.5,0.5,0.25,0.25,0.25,0.25,-0.03134528426902256,1.561195304898453
131,-0.25,3,2,0.25,0.75,0.75,0.0625,0.1875,0.6875,0.0625,1.4179568608234154,-0.735468594490213
132,-0.5,2,2,0.5,0.5,0.5,0.25,0.25,0.25,0.25,-0.03134528426902256,1.561195304898453
133,-0.25,3,2,0.25,0.75,0.75,0.0625,0.1875,0.6875,0.0625,1.4179568608234154,-0.735468594490213
134,-0.25,3,2,0.75,0.75,0.75,0.0625,0.1875,0.1875,0.5625,2.4181445690211603,1.8761877039961212
135,0.0,2,2,0.5,0.5,1.0,0.0,0.25,0.5,0.25,1.6726307839381622,-0.15496618946473198
136,-0.5,2,2,0.0,0.5,0.5,0.25,0.5,0.25,0.0,-1.718305504780676,-0.1680702037761235
137,-0.25,3,2,0.25,0.75,0.75,0.0625,0.1875,0.6875,0.0625,1.4179568608234154,-0.735468594490213
138,-0.25,3,1,0.25,0.25,0.75,0.0625,0.6875,0.1875,0.0625,-1.3451310559647929,-1.2309940871208531
139,0.0,2,1,0.5,0.5,0.5,0.0,0.5,0.5,0.0,-0.017318404324203906,-0.7045660593799672
140,-0.25,3,1,0.25,0.25,0.75,0.0625,0.6875,0.1875,0.0625,-1.3451310559647929,-1.2309940871208531
141,0.0,2,1,0.5,0.5,0.5,0.0,0.5,0.5,0.0,-0.017318404324203906,-0.7045660593799672
142,0.0,2,2,0.5,0.5,0.5,0.0,0.75,0.0,0.25,-0.707987394263603,0.6214545677007401
143,0.25,3,2,0.25,0.25,0.75,0.0625,0.6875,0.1875,0.0625,-1.349027533590283,-0.7873642498519036
144,-0.5,2,2,0.5,0.5,0.5,0.25,0.25,0.25,0.25,-0.03134528426902256,1.561195304898453
145,-0.25,3,2,0.25,0.75,0.75,0.0625,0.1875,0.6875,0.0625,1.4179568608234154,-0.735468594490213
146,-0.25,3,2,0.75,0.75,0.75,0.0625,0.1875,0.1875,0.5625,2.4181445690211603,1.8761877039961212
147,0.0,2,2,0.5,0.5,1.0,0.0,0.25,0.5,0.25,1.6726307839381622,-0.15496618946473198
148,-0.25,3,2,0.75,0.75,0.75,0.0625,0.1875,0.1875,0.5625,2.4181445690211603,1.8761877039961212
149,0.0,2,2,0.5,0.5,1.0,0.0,0.25,0.5,0.25,1.6726307839381622,-0.15496618946473198
150,0.0,1,6,1.0,1.0,1.0,0.0,0.0,0.0,1.0,4.682675040275745,5.3098612470691124
151,0.25,3,6,0.75,0.75,0.75,0.0625,0.1875,0.1875,0.5625,2.402558658519199,3.65070705307192
152,-0.25,3,2,0.25,0.75,0.75,0.0625,0.1875,0.6875,0.0625,1.4179568608234154,-0.735468594490213
153,0.0,1,2,0.0,1.0,1.0,0.0,0.0,1.0,0.0,2.697885534382216,-1.687970698979355
154,0.0,2,1,0.5,0.5,1.0,0.0,0.25,0.5,0.25,1.6765272615636526,-0.5985960267336816
155,0.25,3,1,0.25,0.75,0.75,0.0625,0.1875,0.6875,0.0625,1.4218533384489056,-1.1790984317591626
156,0.0,2,1,0.5,0.5,1.0,0.0,0.25,0.5,0.25,1.6765272615636526,-0.5985960267336816
157,0.25,3,1,0.25,0.75,0.75,0.0625,0.1875,0.6875,0.0625,1.4218533384489056,-1.1790984317591626
158,0.25,3,2,0.75,0.75,0.75,0.0625,0.1875,0.1875,0.5625,2.4181445690211603,1.8761877039961212
159,0.5,2,2,0.5,0.5,0.5,0.25,0.25,0.25,0.25,-0.03134528426902256,1.561195304898453
160,-0.5,2,2,0.0,0.5,0.5,0.25,0.5,0.25,0.0,-1.718305504780676,-0.1680702037761235
161,-0.25,3,2,0.25,0.75,0.75,0.0625,0.1875,0.6875,0.0625,1.4179568608234154,-0.735468594490213
162,-0.25,3,1,0.25,0.25,0.75,0.0625,0.6875,0.1875,0.0625,-1.3451310559647929,-1.2309940871208531
163,0.0,2,1,0.5,0.5,0.5,0.0,0.5,0.5,0.0,-0.017318404324203906,-0.7045660593799672
164,-0.25,3,2,0.25,0.75,0.75,0.0625,0.1875,0.6875,0.0625,1.4179568608234154,-0.735468594490213
165,0.0,1,2,0.0,1.0,1.0,0.0,0.0,1.0,0.0,2.697885534382216,-1.687970698979355
166,0.0,2,1,0.5,0.5,1.0,0.0,0.25,0.5,0.25,1.6765272615636526,-0.5985960267336816
167,0.25,3,1,0.25,0.75,0.75,0.0625,0.1875,0.6875,0.0625,1.4218533384489056,-1.1790984317591626
168,-0.25,3,2,0.25,0.25,0.75,0.0625,0.6875,0.1875,0.0625,-1.349027533590283,-0.7873642498519036
169,0.0,2,2,0.5,0.5,1.0,0.0,0.25,0.5,0.25,1.6726307839381622,-0.15496618946473198
170,0.0,1,2,0.0,0.0,1.0,0.0,1.0,0.0,0.0,-2.836083254445181,-1.7917620097027362
171,0.25,3,2,0.25,0.25,0.75,0.0625,0.6875,0.1875,0.0625,-1.349027533590283,-0.7873642498519036
172,0.0,2,1,0.5,0.5,0.5,0.0,0.5,0.5,0.0,-0.017318404324203906,-0.7045660593799672
173,0.25,3,1,0.25,0.75,0.75,0.0625,0.1875,0.6875,0.0625,1.4218533384489056,-1.1790984317591626
174,0.25,3,1,0.25,0.25,0.75,0.0625,0.6875,0.1875,0.0625,-1.3451310559647929,-1.2309940871208531
175,0.5,2,1,0.0,0.5,0.5,0.25,0.5,0.25,0.0,-1.7144090271551857,-0.6117000410450731
176,-0.25,3,1,0.25,0.25,0.75,0.0625,0.6875,0.1875,0.0625,-1.3451310559647929,-1.2309940871208531
177,0.0,2,1,0.5,0.5,0.5,0.0,0.5,0.5,0.0,-0.017318404324203906,-0.7045660593799672
178,0.0,2,2,0.5,0.5,0.5,0.0,0.75,0.0,0.25,-0.707987394263603,0.6214545677007401
179,0.25,3,2,0.25,0.25,0.75,0.0625,0.6875,0.1875,0.0625,-1.349027533590283,-0.7873642498519036
180,0.0,2,1,0.5,0.5,1.0,0.0,0.25,0.5,0.25,1.6765272615636526,-0.5985960267336816
181,0.25,3,1,0.25,0.75,0.75,0.0625,0.1875,0.6875,0.0625,1.4218533384489056,-1.1790984317591626
182,0.25,3,2,0.75,0.75,0.75,0.0625,0.1875,0.1875,0.5625,2.4181445690211603,1.8761877039961212
183,0.5,2,2,0.5,0.5,0.5,0.25,0.25,0.25,0.25,-0.03134528426902256,1.561195304898453
184,0.0,2,1,0.5,0.5,0.5,0.0,0.5,0.5,0.0,-0.017318404324203906,-0.7045660593799672
185,0.25,3,1,0.25,0.75,0.75,0.0625,0.1875,0.6875,0.0625,1.4218533384489056,-1.1790984317591626
186,0.25,3,1,0.25,0.25,0.75,0.0625,0.6875,0.1875,0.0625,-1.3451310559647929,-1.2309940871208531
187,0.5,2,1,0.0,0.5,0.5,0.25,0.5,0.25,0.0,-1.7144090271551857,-0.6117000410450731
188,0.25,3,2,0.25,0.75,0.75,0.0625,0.1875,0.6875,0.0625,1.4179568608234154,-0.735468594490213
189,0.5,2,2,0.5,0.5,0.5,0.25,0.0,0.75,0.0,0.6554272280448865,0.6788045150866956
190,0.5,2,2,0.5,0.5,0.5,0.25,0.25,0.25,0.25,-0.03134528426902256,1.561195304898453
191,0.75,3,2,0.25,0.25,0.25,0.5625,0.1875,0.1875,0.0625,-2.3763614918028875,1.8685379817089944
192,-0.5,2,2,0.0,0.5,0.5,0.25,0.5,0.25,0.0,-1.718305504780676,-0.1680702037761235
193,-0.25,3,2,0.25,0.75,0.75,0.0625,0.1875,0.6875,0.0625,1.4179568608234154,-0.735468594490213
194,-0.25,3,2,0.25,0.75,0.75,0.0625,0.1875,0.6875,0.0625,1.4179568608234154,-0.735468594490213
195,0.0,1,2,0.0,1.0,1.0,0.0,0.0,1.0,0.0,2.697885534382216,-1.687970698979355
196,-0.25,3,1,0.25,0.25,0.75,0.0625,0.6875,0.1875,0.0625,-1.3451310559647929,-1.2309940871208531
197,0.0,2,1,0.5,0.5,0.5,0.0,0.5,0.5,0.0,-0.017318404324203906,-0.7045660593799672
198,0.0,2,1,0.5,0.5,1.0,0.0,0.25,0.5,0.25,1.6765272615636526,-0.5985960267336816
199,0.25,3,1,0.25,0.75,0.75,0.0625,0.1875,0.6875,0.0625,1.4218533384489056,-1.1790984317591626
200,-0.25,3,2,0.25,0.25,0.75,0.0625,0.6875,0.1875,0.0625,-1.349027533590283,-0.7873642498519036
201,0.0,2,2,0.5,0.5,1.0,0.0,0.25,0.5,0.25,1.6726307839381622,-0.15496618946473198
202,0.0,2,1,0.5,0.5,0.5,0.0,0.5,0.5,0.0,-0.017318404324203906,-0.7045660593799672
203,0.25,3,1,0.25,0.75,0.75,0.0625,0.1875,0.6875,0.0625,1.4218533384489056,-1.1790984317591626
204,0.0,1,2,0.0,0.0,1.0,0.0,1.0,0.0,0.0,-2.836083254445181,-1.7917620097027362
205,0.25,3,2,0.25,0.25,0.75,0.0625,0.6875,0.1875,0.0625,-1.349027533590283,-0.7873642498519036
206,0.25,3,1,0.25,0.25,0.75,0.0625,0.6875,0.1875,0.0625,-1.3451310559647929,-1.2309940871208531
207,0.5,2,1,0.0,0.5,0.5,0.25,0.5,0.25,0.0,-1.7144090271551857,-0.6117000410450731
208,-0.25,3,1,0.25,0.25,0.75,0.0625,0.6875,0.1875,0.0625,-1.3451310559647929,-1.2309940871208531
209,0.0,2,1,0.5,0.5,0.5,0.0,0.5,0.5,0.0,-0.017318404324203906,-0.7045660593799672
210,0.0,2,1,0.5,0.5,1.0,0.0,0.25,0.5,0.25,1.6765272615636526,-0.5985960267336816
211,0.25,3,1,0.25,0.75,0.75,0.0625,0.1875,0.6875,0.0625,1.4218533384489056,-1.1790984317591626
212,0.0,2,2,0.5,0.5,0.5,0.0,0.75,0.0,0.25,-0.707987394263603,0.6214545677007401
213,0.25,3,2,0.25,0.25,0.75,0.0625,0.6875,0.1875,0.0625,-1.349027533590283,-0.7873642498519036
214,0.25,3,2,0.75,0.75,0.75,0.0625,0.1875,0.1875,0.5625,2.4181445690211603,1.8761877039961212
215,0.5,2,2,0.5,0.5,0.5,0.25,0.25,0.25,0.25,-0.03134528426902256,1.561195304898453
216,0.0,2,1,0.5,0.5,0.5,0.0,0.5,0.5,0.0,-0.017318404324203906,-0.7045660593799672
217,0.25,3,1,0.25,0.75,0.75,0.0625,0.1875,0.6875,0.0625,1.4218533384489056,-1.1790984317591626
218,0.25,3,2,0.25,0.75,0.75,0.0625,0.1875,0.6875,0.0625,1.4179568608234154,-0.735468594490213
219,0.5,2,2,0.5,0.5,0.5,0.25,0.0,0.75,0.0,0.6554272280448865,0.6788045150866956
220,0.25,3,1,0.25,0.25,0.75,0.0625,0.6875,0.1875,0.0625,-1.3451310559647929,-1.2309940871208531
221,0.5,2,1,0.0,0.5,0.5,0.25,0.5,0.25,0.0,-1.7144090271551857,-0.6117000410450731
222,0.5,2,2,0.5,0.5,0.5,0.25,0.25,0.25,0.25,-0.03134528426902256,1.561195304898453
223,0.75,3,2,0.25,0.25,0.25,0.5625,0.1875,0.1875,0.0625,-2.3763614918028875,1.8685379817089944
224,-0.25,3,2,0.25,0.25,0.75,0.0625,0.6875,0.1875,0.0625,-1.349027533590283,-0.7873642498519036
225,0.0,2,2,0.5,0.5,1.0,0.0,0.25,0.5,0.25,1.6726307839381622,-0.15496618946473198
226,0.0,2,1,0.5,0.5,0.5,0.0,0.5,0.5,0.0,-0.017318404324203906,-0.7045660593799672
227,0.25,3,1,0.25,0.75,0.75,0.0625,0.1875,0.6875,0.0625,1.4218533384489056,-1.1790984317591626
228,0.0,2,1,0.5,0.5,0.5,0.0,0.5,0.5,0.0,-0.017318404324203906,-0.7045660593799672
229,0.25,3,1,0.25,0.75,0.75,0.0625,0.1875,0.6875,0.0625,1.4218533384489056,-1.1790984317591626
230,0.25,3,2,0.25,0.75,0.75,0.0625,0.1875,0.6875,0.0625,1.4179568608234154,-0.735468594490213
231,0.5,2,2,0.5,0.5,0.5,0.25,0.0,0.75,0.0,0.6554272280448865,0.6788045150866956
232,0.0,2,6,0.5,0.5,0.5,0.0,0.75,0.0,0.25,-0.7235733047655643,2.395973916776539
233,0.25,3,6,0.75,0.75,0.75,0.0625,0.1875,0.1875,0.5625,2.402558658519199,3.65070705307192
234,0.25,3,2,0.25,0.25,0.75,0.0625,0.6875,0.1875,0.0625,-1.349027533590283,-0.7873642498519036
235,0.5,2,2,0.5,0.5,0.5,0.25,0.25,0.25,0.25,-0.03134528426902256,1.561195304898453
236,0.25,3,2,0.25,0.25,0.75,0.0625,0.6875,0.1875,0.0625,-1.349027533590283,-0.7873642498519036
237,0.5,2,2,0.5,0.5,0.5,0.25,0.25,0.25,0.25,-0.03134528426902256,1.561195304898453
238,0.5,2,2,0.0,0.5,0.5,0.25,0.5,0.25,0.0,-1.718305504780676,-0.1680702037761235
239,0.75,3,2,0.25,0.25,0.25,0.5625,0.1875,0.1875,0.0625,-2.3763614918028875,1.8685379817089944
240,0.0,1,2,0.0,0.0,1.0,0.0,1.0,0.0,0.0,-2.836083254445181,-1.7917620097027362
241,0.25,3,2,0.25,0.25,0.75,0.0625,0.6875,0.1875,0.0625,-1.349027533590283,-0.7873642498519036
242,0.25,3,1,0.25,0.25,0.75,0.0625,0.6875,0.1875,0.0625,-1.3451310559647929,-1.2309940871208531
243,0.5,2,1,0.0,0.5,0.5,0.25,0.5,0.25,0.0,-1.7144090271551857,-0.6117000410450731
244,0.25,3,1,0.25,0.25,0.75,0.0625,0.6875,0.1875,0.0625,-1.3451310559647929,-1.2309940871208531
245,0.5,2,1,0.0,0.5,0.5,0.25,0.5,0.25,0.0,-1.7144090271551857,-0.6117000410450731
246,0.5,2,2,0.5,0.5,0.5,0.25,0.25,0.25,0.25,-0.03134528426902256,1.561195304898453
247,0.75,3,2,0.25,0.25,0.25,0.5625,0.1875,0.1875,0.0625,-2.3763614918028875,1.8685379817089944
248,0.25,3,2,0.25,0.25,0.75,0.0625,0.6875,0.1875,0.0625,-1.349027533590283,-0.7873642498519036
249,0.5,2,2,0.5,0.5,0.5,0.25,0.25,0.25,0.25,-0.03134528426902256,1.561195304898453
250,0.5,2,2,0.0,0.5,0.5,0.25,0.5,0.25,0.0,-1.718305504780676,-0.1680702037761235
251,0.75,3,2,0.25,0.25,0.25,0.5625,0.1875,0.1875,0.0625,-2.3763614918028875,1.8685379817089944
252,0.5,2,2,0.0,0.5,0.5,0.25,0.5,0.25,0.0,-1.718305504780676,-0.1680702037761235
253,0.75,3,2,0.25,0.25,0.25,0.5625,0.1875,0.1875,0.0625,-2.3763614918028875,1.8685379817089944
254,0.75,3,6,0.25,0.25,0.25,0.5625,0.1875,0.1875,0.0625,-2.3919474023048486,3.6430573307847935
255,1.0,0,6,0.0,0.0,0.0,1.0,0.0,0.0,0.0,-4.961106504830342,5.438927146293121
